Date,Temperature (°C),Humidity (%),Rainfall (mm),Wind Speed (km/h),Atmospheric Pressure (hPa),Weather Condition
2024-03-12,14.8,44.0,0.0,5.2,1020.6,Sunny
2024-06-23,30.9,52.0,0.0,12.8,1020.6,Sunny
2023-02-26,7.8,61.0,0.0,13.4,1011.3,Cloudy
2024-11-26,12.3,53.0,0.0,14.1,1011.9,Cloudy
2024-12-23,12.2,49.0,0.0,10.5,1022.8,Sunny
2024-09-07,26.4,62.0,0.0,6.7,1011.4,Cloudy
2023-06-08,29.0,34.0,0.0,6.6,1014.5,Sunny
2023-03-30,9.9,97.0,36.4,59.6,998.6,Stormy
2023-08-09,32.8,51.0,0.0,7.5,1019.5,Sunny
2025-04-17,17.9,63.0,0.0,8.3,1012.8,Cloudy
2025-09-27,22.6,62.0,0.0,9.4,1013.2,Cloudy
2024-02-09,3.6,87.0,25.0,50.0,992.8,Stormy
2023-11-03,17.2,71.0,0.0,17.8,1013.7,Cloudy
2024-06-26,26.1,91.0,8.2,19.9,1000.4,Rainy
2024-08-20,24.2,85.0,10.4,24.7,1010.1,Rainy
2025-01-01,10.0,39.0,0.0,12.1,1021.7,Sunny
2024-06-16,23.1,92.0,51.1,59.0,998.8,Stormy
2023-06-28,33.6,36.0,0.0,11.1,1024.0,Sunny
2025-04-04,20.1,49.0,0.0,10.3,1020.3,Sunny
2024-02-16,9.7,60.0,0.0,15.2,1011.2,Cloudy
2025-07-10,22.0,89.0,51.4,57.7,996.1,Stormy
2024-09-08,24.7,63.0,0.7,8.5,1010.6,Cloudy
2024-03-29,17.3,48.0,0.0,12.8,1022.7,Sunny
2023-05-09,24.6,57.0,0.0,17.8,1015.4,Cloudy
2023-02-21,9.0,56.0,0.0,7.5,1009.8,Cloudy
2023-03-28,16.2,42.0,0.0,6.6,1024.3,Sunny
2025-05-30,27.7,43.0,0.0,15.2,1018.2,Sunny
2023-07-18,32.3,52.0,0.0,5.9,1024.2,Sunny
2025-10-31,12.5,78.0,21.8,12.2,1004.2,Rainy
2025-11-15,15.1,43.0,0.0,11.4,1017.8,Sunny
2024-10-19,19.0,74.0,0.0,19.4,1011.4,Cloudy
2025-10-27,12.6,79.0,10.7,17.5,1001.7,Rainy
2025-08-22,23.1,94.0,44.2,39.9,991.2,Stormy
2023-08-26,20.4,91.0,45.2,36.0,991.6,Stormy
2023-10-26,14.8,84.0,24.1,25.2,1008.3,Rainy
2023-12-19,10.9,50.0,0.0,12.2,1016.2,Sunny
2025-09-11,26.0,70.0,0.0,10.1,1012.9,Cloudy
2023-02-14,3.4,96.0,40.9,58.6,996.2,Stormy
2024-04-07,21.7,43.0,0.0,10.0,1015.5,Sunny
2025-10-01,21.9,69.0,0.0,16.0,1013.6,Cloudy
2024-04-09,17.9,41.0,0.0,14.9,1021.9,Sunny
2025-02-12,7.2,60.0,1.2,9.2,1013.8,Cloudy
2025-10-02,13.8,100.0,31.9,56.0,984.9,Stormy
2023-02-15,14.3,52.0,0.0,14.5,1023.4,Sunny
2023-04-24,19.9,71.0,0.0,17.1,1010.9,Cloudy
2025-08-19,32.8,50.0,0.0,7.8,1020.3,Sunny
2024-09-06,16.8,87.0,74.6,44.9,988.8,Stormy
2025-04-01,8.9,97.0,59.0,61.7,987.7,Stormy
2023-07-19,31.3,42.0,0.0,11.3,1015.6,Sunny
2023-10-01,27.8,43.0,0.0,6.8,1022.0,Sunny
2024-05-19,24.5,77.0,0.0,10.9,1014.2,Cloudy
2025-07-22,33.1,46.0,0.0,9.0,1022.1,Sunny
2024-09-10,29.5,38.0,0.0,7.1,1020.0,Sunny
2023-10-27,15.7,57.0,0.0,9.2,1009.0,Cloudy
2024-06-19,22.2,87.0,9.3,12.0,1009.0,Rainy
2023-03-12,11.4,51.0,0.0,5.7,1012.0,Cloudy
2025-02-24,4.7,85.0,12.9,19.9,1008.1,Rainy
2023-04-12,20.6,49.0,0.0,12.4,1016.3,Sunny
2023-11-28,,89.0,24.3,45.1,988.5,Stormy
2025-08-01,31.9,43.0,0.0,11.9,1023.1,Sunny
2024-07-12,24.5,88.0,2.5,12.6,1000.3,Rainy
2025-09-01,28.9,42.0,0.0,7.5,1022.1,Sunny
2023-05-22,27.9,38.0,0.0,6.4,1017.3,Sunny
2025-11-07,12.8,62.0,0.0,16.2,1008.8,Cloudy
2023-09-02,25.2,64.0,0.0,9.5,1012.6,Cloudy
2023-07-29,30.2,63.0,0.0,14.0,1015.8,Cloudy
2024-12-25,4.7,66.0,0.0,14.9,1014.7,Cloudy
2025-05-17,22.2,52.0,0.0,10.9,1008.8,Cloudy
2024-08-05,24.5,81.0,21.4,18.6,1000.4,Rainy
2025-01-11,14.2,36.0,0.0,8.4,1017.8,Sunny
2024-01-17,-0.6,85.0,38.7,44.8,987.0,Stormy
2023-02-01,7.2,65.0,0.0,19.1,1014.8,Cloudy
2024-03-21,12.7,60.0,0.0,16.3,1014.5,Cloudy
2023-08-07,32.8,39.0,0.0,7.4,1019.9,Sunny
2024-07-26,28.9,60.0,0.0,11.4,1012.8,Cloudy
2024-12-09,11.1,42.0,0.0,12.4,1022.3,Sunny
2025-07-30,26.8,84.0,8.9,20.7,1000.8,Rainy
2024-08-13,32.9,40.0,0.0,4.4,1019.9,Sunny
2025-10-05,13.7,99.0,50.5,49.9,998.9,Stormy
2023-04-20,22.2,40.0,0.0,12.7,1014.6,Sunny
2023-12-29,8.8,64.0,0.0,16.1,1015.2,Cloudy
2024-11-24,12.9,43.0,0.0,7.9,1021.3,Sunny
2024-11-05,13.4,61.0,0.0,12.2,1012.7,Cloudy
2023-12-18,,35.0,0.0,9.1,1016.9,Sunny
2023-10-05,18.3,65.0,0.0,13.5,1013.6,Cloudy
2025-07-26,,45.0,0.0,10.0,1019.5,Sunny
2025-03-03,11.1,54.0,0.0,12.0,1010.8,Cloudy
2024-07-03,31.9,48.0,0.0,10.9,1019.5,Sunny
2025-06-02,30.9,54.0,0.0,7.2,1017.1,Sunny
2024-10-12,17.4,84.0,11.6,20.1,1000.5,Rainy
2023-01-11,11.1,45.0,0.0,12.3,1022.5,Sunny
2024-11-09,8.3,91.0,32.4,36.1,990.3,Stormy
2023-11-16,13.9,78.0,0.0,10.6,1012.4,Cloudy
2023-04-07,14.6,57.0,0.0,10.7,1013.0,Cloudy
2024-02-28,9.6,63.0,0.0,7.5,1011.1,Cloudy
2023-10-17,18.4,60.0,0.0,6.7,1013.8,Cloudy
2023-05-19,26.9,48.0,0.0,9.6,1016.3,Sunny
2025-12-04,5.6,87.0,45.0,55.9,994.9,Stormy
2024-05-09,25.1,47.0,0.0,3.0,1020.1,Sunny
2023-11-20,12.9,72.0,0.0,9.5,1010.9,Cloudy
2024-09-18,23.2,73.0,0.0,16.6,1015.4,Cloudy
2024-07-15,30.6,56.0,0.0,5.7,1024.4,Sunny
2024-05-21,25.3,61.0,0.0,15.0,1010.2,Cloudy
2024-10-30,18.9,44.0,0.0,16.4,1024.1,Sunny
2023-12-03,14.6,53.0,0.0,8.2,1023.6,Sunny
2024-07-06,33.6,32.0,0.0,9.6,1022.0,Sunny
2023-02-19,9.3,65.0,1.0,18.9,1008.4,Cloudy
2023-04-18,13.5,100.0,62.7,55.0,997.5,Stormy
2023-03-01,8.0,61.0,0.0,10.9,1011.1,Cloudy
2023-10-14,18.4,62.0,0.0,16.1,1015.4,Cloudy
2023-11-18,10.9,64.0,0.0,7.1,1012.5,Cloudy
2025-02-01,6.2,69.0,0.7,8.3,1013.4,Cloudy
2023-12-21,10.3,47.0,0.0,7.3,1016.3,Sunny
2024-09-23,20.7,55.0,0.4,7.2,1012.1,Cloudy
2025-09-05,21.0,85.0,21.3,19.9,1008.6,Rainy
2025-04-03,16.9,43.0,0.0,8.1,1020.4,Sunny
2023-01-24,2.3,89.0,17.9,25.5,1001.8,Rainy
2025-06-15,21.8,92.0,2.6,10.4,1004.4,Rainy
2023-01-13,6.4,60.0,1.5,9.7,1012.0,Cloudy
2024-06-20,24.0,98.0,33.5,51.2,995.1,Stormy
2024-06-25,23.9,87.0,49.6,48.7,994.5,Stormy
2025-08-12,31.9,46.0,0.0,8.1,1015.3,Sunny
2024-06-10,29.8,48.0,0.0,6.8,1018.5,Sunny
2024-01-16,0.6,81.0,13.3,18.7,1005.3,Rainy
2024-01-24,5.8,56.0,0.9,12.0,1010.9,Cloudy
2023-03-25,15.2,47.0,0.0,12.6,1018.2,Sunny
2025-06-03,27.1,66.0,0.0,8.1,1016.8,Cloudy
2025-09-23,27.8,51.0,0.0,12.4,1021.1,Sunny
2023-07-30,26.5,83.0,3.5,11.4,1002.7,Rainy
2025-04-23,20.2,69.0,0.0,10.2,1009.1,Cloudy
2025-02-21,12.4,47.0,0.0,3.1,1016.2,Sunny
2024-02-03,10.0,59.0,0.0,16.7,1012.2,Cloudy
2023-08-20,22.9,87.0,10.8,23.3,999.3,Rainy
2023-03-18,16.8,41.0,0.0,4.6,1018.6,Sunny
2024-09-14,23.5,57.0,1.4,17.6,1008.9,Cloudy
2025-08-25,30.3,49.0,0.0,6.2,1020.1,Sunny
2024-07-29,29.8,49.0,0.0,6.9,1015.6,Sunny
2025-03-13,10.7,76.0,8.6,19.4,1007.2,Rainy
2024-04-23,24.4,30.0,0.0,8.8,1023.4,Sunny
2024-03-01,13.5,48.0,0.0,4.4,1016.4,Sunny
2023-10-03,17.6,85.0,2.2,23.0,1000.5,Rainy
2023-12-11,3.1,87.0,39.5,45.3,992.0,Stormy
2023-05-20,22.9,60.0,0.0,17.2,1011.6,Cloudy
2023-06-06,27.8,73.0,0.0,18.9,1011.5,Cloudy
2024-11-04,15.9,48.0,0.0,10.8,1017.8,Sunny
2025-01-23,10.4,40.0,0.0,9.3,1015.0,Sunny
2023-07-28,33.6,43.0,0.0,8.8,1016.0,Sunny
2025-01-27,0.8,86.0,28.8,17.8,1004.1,Rainy
2024-04-26,19.0,58.0,0.0,19.6,1016.2,Cloudy
2024-05-22,21.8,69.0,0.0,9.9,1015.1,Cloudy
2024-01-13,3.8,97.0,52.2,48.3,984.9,Stormy
2024-04-22,21.0,34.0,0.0,2.3,1024.7,Sunny
2024-02-29,11.0,36.0,0.0,8.7,1024.5,Sunny
2023-11-06,20.6,46.0,0.0,5.5,1022.4,Sunny
2023-06-24,32.3,41.0,0.0,8.4,1025.1,Sunny
2024-06-14,31.5,46.0,0.0,11.1,1016.6,Sunny
2025-05-23,21.2,89.0,4.6,24.9,1002.9,Rainy
2023-12-09,6.6,87.0,5.6,26.2,999.3,Rainy
2024-12-05,6.0,92.0,5.3,16.5,1000.0,Rainy
2023-03-20,14.1,44.0,0.0,11.2,1019.0,Sunny
2025-06-30,31.0,49.0,0.0,7.9,1015.8,Sunny
2025-03-11,10.9,53.0,0.0,20.8,1012.2,Cloudy
2023-11-25,13.0,67.0,0.0,16.6,1011.3,Cloudy
2023-07-12,,70.0,0.0,6.2,1011.0,Cloudy
2025-01-29,5.2,54.0,0.0,8.2,1014.6,Cloudy
2024-12-12,11.1,37.0,0.0,9.0,1021.3,Sunny
2023-02-09,12.5,37.0,0.0,9.9,1015.7,Sunny
2023-01-31,3.9,81.0,2.7,19.4,999.6,Rainy
2025-04-02,15.0,63.0,0.0,10.8,1011.9,Cloudy
2023-05-17,17.1,98.0,50.3,31.5,993.9,Stormy
2023-02-24,8.7,57.0,0.0,7.8,1010.2,Cloudy
2025-03-31,19.8,46.0,0.0,14.5,1025.2,Sunny
2023-10-20,14.9,73.0,0.0,15.7,1013.5,Cloudy
2024-08-08,31.5,43.0,0.0,,1022.2,Sunny
2024-11-23,8.0,94.0,15.9,21.4,1003.1,Rainy
2023-11-24,15.3,38.0,0.0,3.3,1021.7,Sunny
2024-09-28,19.2,57.0,0.0,12.0,1011.0,Cloudy
2023-01-04,,61.0,0.1,7.6,1013.8,Cloudy
2023-11-30,10.2,74.0,0.0,20.1,1014.5,Cloudy
2024-06-09,28.6,,0.0,15.7,1020.9,Sunny
2025-12-14,4.8,86.0,58.2,57.9,996.9,Stormy
2024-11-25,15.2,48.0,0.0,6.2,1017.7,Sunny
2025-01-15,9.8,64.0,0.0,7.0,1015.6,Cloudy
2025-02-27,7.7,57.0,0.0,7.0,1009.2,Cloudy
2024-07-14,33.0,44.0,0.0,11.1,1018.9,Sunny
2025-11-28,8.8,82.0,7.1,20.4,1005.9,Rainy
2023-02-28,12.0,53.0,0.0,14.3,1023.4,Sunny
2023-10-18,19.3,73.0,0.0,12.1,1014.2,Cloudy
2025-03-14,12.3,59.0,0.0,7.4,1009.4,Cloudy
2023-03-05,8.0,90.0,7.8,15.7,1003.1,Rainy
2024-09-05,29.4,52.0,0.0,3.9,1018.5,Sunny
2024-09-09,19.3,88.0,21.0,20.3,1005.1,Rainy
2025-05-09,25.0,47.0,0.0,17.4,1016.2,Sunny
2023-04-11,21.6,49.0,0.0,,1015.2,Sunny
2023-06-18,25.0,68.0,0.4,9.9,1009.2,Cloudy
2025-05-12,28.1,50.0,0.0,4.4,1019.1,Sunny
2025-09-06,20.0,81.0,9.0,20.6,1005.4,Rainy
2023-11-29,13.2,39.0,0.0,8.1,1016.5,Sunny
2024-06-13,18.3,100.0,42.4,54.0,987.0,Stormy
2025-12-19,5.7,87.0,2.8,27.0,1000.2,Rainy
2024-04-03,18.7,36.0,0.0,3.7,1016.2,Sunny
2023-09-28,22.9,68.0,0.0,7.3,1011.0,Cloudy
2024-09-26,24.3,47.0,0.0,12.7,1020.8,Sunny
2025-08-05,32.1,37.0,0.0,5.2,1022.8,Sunny
2025-12-11,5.1,79.0,40.8,17.7,1009.4,Rainy
2025-04-21,16.9,94.0,16.0,26.6,1005.6,Rainy
2023-03-08,8.8,91.0,3.2,24.9,998.8,Rainy
2023-11-05,16.4,71.0,0.6,6.4,1013.4,Cloudy
2023-03-09,9.5,71.0,0.0,10.5,1011.4,Cloudy
2025-02-25,6.9,69.0,0.0,16.1,1013.2,Cloudy
2023-01-13,6.4,60.0,1.5,9.7,1012.0,Cloudy
2023-12-26,6.6,55.0,0.0,8.2,1014.1,Cloudy
2024-07-05,30.9,42.0,0.0,17.0,1018.5,Sunny
2024-09-21,25.6,47.0,0.0,10.1,1021.2,Sunny
2024-05-28,28.5,35.0,0.0,12.5,1016.2,Sunny
2025-06-20,31.6,50.0,0.0,12.9,1018.5,Sunny
2025-01-30,11.8,54.0,0.0,4.3,1018.9,Sunny
2023-07-04,33.4,36.0,0.0,8.5,1023.4,Sunny
2023-12-13,12.4,35.0,0.0,14.2,1020.3,Sunny
2023-12-28,5.6,93.0,5.2,12.7,1009.6,Rainy
2023-09-01,30.0,48.0,0.0,10.7,1019.2,Sunny
2025-03-04,8.7,85.0,50.3,22.3,1006.0,Rainy
2025-05-24,19.7,81.0,2.0,18.6,1002.5,Rainy
2025-05-15,17.3,100.0,67.3,50.9,998.0,Stormy
2025-09-20,28.4,43.0,0.0,14.0,1021.8,Sunny
2025-07-17,30.6,41.0,0.0,11.1,1020.0,Sunny
2025-02-19,16.2,43.0,0.0,11.2,1015.9,Sunny
2025-01-04,6.0,,0.0,10.7,1010.3,Cloudy
2023-09-18,26.9,51.0,0.0,14.3,1018.4,Sunny
2023-10-22,21.5,47.0,0.0,13.0,1017.2,Sunny
2023-10-24,17.5,68.0,0.0,9.9,1014.3,Cloudy
2023-01-03,7.5,61.0,0.0,7.1,1012.6,Cloudy
2023-01-07,4.5,84.0,3.2,24.2,1003.7,Rainy
2024-08-14,28.2,70.0,0.0,17.0,1014.6,Cloudy
2023-09-05,21.8,81.0,2.1,25.1,1002.9,Rainy
2025-05-16,,42.0,0.0,6.7,1021.3,Sunny
2024-12-21,4.3,91.0,19.8,14.3,997.3,Rainy
2024-08-12,30.0,48.0,0.0,10.3,1017.9,Sunny
2024-06-29,33.5,51.0,0.0,5.7,1015.2,Sunny
2025-06-11,25.8,72.0,0.0,5.9,1013.7,Cloudy
2023-08-04,33.5,48.0,0.0,10.6,1017.5,Sunny
2025-11-18,9.1,90.0,5.1,12.9,1003.0,Rainy
2024-06-22,32.4,54.0,0.0,5.8,1016.1,Sunny
2024-02-25,8.6,60.0,0.0,14.7,1010.4,Cloudy
2024-11-06,13.9,59.0,0.0,14.4,1013.1,Cloudy
2025-11-01,8.1,89.0,24.5,50.7,988.9,Stormy
2024-12-31,,72.0,0.0,6.5,1013.1,Cloudy
2025-04-14,15.0,79.0,5.3,12.7,1002.7,Rainy
2025-10-25,21.9,53.0,0.0,10.4,1015.6,Sunny
2023-09-23,16.6,91.0,29.0,52.9,994.9,Stormy
2025-10-06,17.7,87.0,48.2,11.8,1005.7,Rainy
2024-09-13,29.2,50.0,0.0,11.9,1014.4,Sunny
2024-02-10,12.1,49.0,0.0,14.3,1021.2,Sunny
2024-03-06,15.3,37.0,0.0,9.8,1016.3,Sunny
2025-06-22,29.0,34.0,0.0,7.1,1016.8,Sunny
2024-12-08,8.5,58.0,0.0,7.4,1008.8,Cloudy
2023-09-14,23.9,72.0,0.0,18.3,1017.1,Cloudy
2023-01-26,13.1,38.0,0.0,1.5,1020.5,Sunny
2023-01-11,11.1,45.0,0.0,12.3,1022.5,Sunny
2025-11-26,15.0,36.0,0.0,1.2,1020.8,Sunny
2023-04-17,10.5,100.0,32.6,36.7,986.6,Stormy
2023-02-25,7.7,71.0,0.0,19.3,1013.0,Cloudy
2024-12-24,8.0,69.0,0.0,16.7,1013.2,Cloudy
2023-08-02,31.5,45.0,0.0,10.2,1020.8,Sunny
2023-05-01,18.0,69.0,0.0,18.9,1011.2,Cloudy
2024-03-25,16.5,40.0,0.0,9.4,1023.1,Sunny
2025-11-14,9.3,83.0,4.4,21.6,1003.4,Rainy
2023-03-14,5.7,91.0,54.8,34.3,994.3,Stormy
2024-11-01,12.3,86.0,8.8,20.1,1000.3,Rainy
2025-08-20,23.6,89.0,3.5,12.0,1000.8,Rainy
2024-03-23,17.2,35.0,0.0,6.5,1016.2,Sunny
2024-03-08,,44.0,0.0,10.0,1014.6,Sunny
2025-12-06,13.2,43.0,0.0,14.9,1024.0,Sunny
2024-03-24,17.5,48.0,0.0,13.9,1021.4,Sunny
2024-01-07,6.2,56.0,0.0,20.2,1014.3,Cloudy
2025-10-29,20.4,35.0,0.0,11.2,1016.8,Sunny
2025-02-22,10.4,58.0,0.0,12.1,1014.1,Cloudy
2024-06-12,28.0,55.0,0.0,4.7,1017.1,Sunny
2025-11-24,16.7,55.0,0.0,15.5,1018.0,Sunny
2024-06-11,,50.0,0.0,12.1,1018.9,Sunny
2024-08-06,32.3,44.0,0.0,5.6,1016.1,Sunny
2023-12-01,5.4,81.0,13.7,18.2,999.8,Rainy
2024-03-04,14.9,32.0,0.0,6.4,1015.7,Sunny
2023-03-02,,37.0,0.0,8.4,1021.1,Sunny
2025-09-27,22.6,62.0,0.0,9.4,1013.2,Cloudy
2023-04-03,13.5,,0.0,8.4,1011.8,Cloudy
2025-10-09,22.8,36.0,0.0,8.5,1021.0,Sunny
2024-01-26,6.0,71.0,0.0,7.9,1012.1,Cloudy
2024-02-10,12.1,49.0,0.0,14.3,1021.2,Sunny
2023-10-08,17.0,92.0,2.7,16.8,1006.7,Rainy
2023-11-15,15.2,58.0,0.0,15.5,1013.8,Cloudy
2024-03-05,14.8,52.0,0.0,7.9,1017.1,Sunny
2025-09-03,29.6,43.0,0.0,3.9,1024.6,Sunny
2023-07-02,27.7,57.0,0.0,11.4,1008.9,Cloudy
2024-07-02,30.6,55.0,0.0,9.6,1025.7,Sunny
2025-07-21,32.5,51.0,0.0,5.2,1021.5,Sunny
2023-04-21,21.3,52.0,0.0,12.6,1014.2,Sunny
2024-02-14,8.0,82.0,24.8,17.3,999.6,Rainy
2024-08-25,31.0,55.0,0.0,4.8,1024.7,Sunny
2024-12-16,7.0,63.0,0.0,21.5,1009.9,Cloudy
2024-06-18,29.9,38.0,0.0,10.4,1018.3,Sunny
2024-12-02,11.8,52.0,0.0,3.3,1021.7,Sunny
2024-07-11,32.0,35.0,0.0,17.1,1022.6,Sunny
2023-09-19,22.1,72.0,0.0,13.8,1016.3,Cloudy
2024-12-18,11.1,55.0,0.0,7.5,1023.1,Sunny
2024-07-08,31.5,55.0,0.0,16.1,1017.7,Sunny
2024-07-24,33.8,43.0,0.0,12.1,1023.2,Sunny
2025-05-31,28.1,49.0,0.0,14.3,1018.9,Sunny
2023-05-18,25.5,49.0,0.0,9.6,1022.7,Sunny
2024-10-14,15.0,92.0,3.0,17.2,1008.9,Rainy
2024-01-03,8.5,51.0,0.0,5.6,1012.5,Cloudy
2025-06-24,25.3,85.0,10.2,23.9,1005.7,Rainy
2023-12-22,12.9,41.0,0.0,15.4,1020.2,Sunny
2025-03-28,18.7,38.0,0.0,10.9,1021.2,Sunny
2025-08-17,30.0,56.0,0.0,10.3,1022.7,Sunny
2023-01-30,6.7,58.0,0.0,14.7,1015.8,Cloudy
2023-06-15,29.7,50.0,0.0,12.7,1021.5,Sunny
2023-09-06,27.7,51.0,0.0,8.8,1019.2,Sunny
2023-11-04,17.0,75.0,0.0,8.1,1016.1,Cloudy
2025-05-02,23.1,48.0,0.0,13.2,1016.4,Sunny
2025-02-23,10.7,74.0,0.0,8.2,1010.8,Cloudy
2024-04-30,17.5,86.0,9.0,16.9,998.0,Rainy
2025-05-27,25.4,57.0,0.0,7.5,1008.1,Cloudy
2025-02-11,8.1,71.0,0.0,10.1,1012.2,Cloudy
2024-04-02,12.9,63.0,0.0,9.8,1014.9,Cloudy
2025-06-05,29.9,49.0,0.0,9.7,1024.6,Sunny
2025-03-10,14.5,46.0,0.0,10.5,1016.3,Sunny
2024-08-10,33.3,50.0,0.0,11.8,1023.4,Sunny
2023-03-07,5.5,85.0,24.4,26.9,1000.1,Rainy
2024-08-04,24.2,94.0,4.3,26.2,996.7,Rainy
2025-09-21,28.3,53.0,0.0,11.3,1025.2,Sunny
2024-12-07,12.2,57.0,0.0,8.3,1011.4,Cloudy
2023-09-12,19.7,88.0,63.3,37.0,992.3,Stormy
2025-03-19,10.5,73.0,0.0,11.5,1009.6,Cloudy
2023-11-09,10.2,88.0,4.4,27.2,1007.1,Rainy
2024-01-30,9.9,38.0,0.0,9.2,1016.4,Sunny
2023-08-10,30.7,48.0,0.0,9.4,1017.6,Sunny
2023-08-24,25.5,92.0,2.9,23.8,1002.6,Rainy
2024-11-13,11.5,70.0,0.0,14.8,1015.8,Cloudy
2025-10-10,14.6,82.0,7.5,23.9,1009.6,Rainy
2023-11-02,12.4,86.0,12.6,16.3,999.2,Rainy
2024-01-01,8.1,61.0,0.0,8.0,1014.6,Cloudy
2025-12-22,5.0,82.0,42.9,26.8,1000.5,Rainy
2025-11-21,14.3,40.0,0.0,10.8,1018.7,Sunny
2023-09-07,27.1,53.0,0.0,12.4,1023.4,Sunny
2024-10-05,25.7,39.0,0.0,12.1,1020.7,Sunny
2024-08-18,28.8,49.0,0.0,12.8,1017.7,Sunny
2023-03-13,15.3,43.0,0.0,2.4,1019.5,Sunny
2023-04-05,15.4,57.0,0.0,15.7,1011.9,Cloudy
2024-03-03,6.3,90.0,50.5,26.7,998.5,Rainy
2023-02-03,5.3,72.0,1.2,14.1,1011.2,Cloudy
2024-12-29,0.0,88.0,22.3,54.0,991.9,Stormy
2023-09-17,25.5,50.0,0.0,2.4,1018.1,Sunny
2023-07-24,23.7,89.0,30.8,49.1,988.2,Stormy
2024-04-10,14.8,67.0,0.0,11.9,1011.5,Cloudy
2024-12-01,7.2,96.0,69.7,36.9,988.9,Stormy
2025-02-26,13.5,40.0,0.0,11.5,1020.4,Sunny
2023-03-19,9.3,64.0,0.0,5.3,1009.6,Cloudy
2023-03-26,10.5,58.0,0.0,6.2,1012.7,Cloudy
2024-02-18,4.9,94.0,6.7,16.2,997.6,Rainy
2023-03-24,7.0,91.0,48.5,29.4,987.9,Stormy
2024-05-16,23.4,71.0,0.0,6.5,1007.9,Cloudy
2024-06-07,18.0,92.0,63.7,35.6,998.1,Stormy
2025-06-17,30.4,59.0,0.0,11.9,1013.2,Cloudy
2025-03-25,15.0,73.0,0.0,9.0,1013.0,Cloudy
2024-03-15,12.9,38.0,0.0,8.0,1015.7,Sunny
2024-03-09,5.4,85.0,3.7,20.2,998.8,Rainy
2025-08-31,26.2,59.0,0.0,15.7,1011.6,Cloudy
2023-12-17,9.6,73.0,0.0,11.6,1017.0,Cloudy
2025-03-01,5.2,87.0,3.9,15.0,1002.1,Rainy
2023-01-06,3.5,84.0,9.8,15.8,1007.8,Rainy
2023-11-07,17.9,53.0,0.0,10.0,1023.1,Sunny
2025-09-18,24.8,71.0,0.9,12.6,1011.4,Cloudy
2023-04-15,22.7,45.0,0.0,10.6,1017.9,Sunny
2023-04-08,19.8,47.0,0.0,10.3,1022.8,Sunny
2025-06-14,26.1,56.0,0.7,20.7,1014.9,Cloudy
2025-02-13,6.9,56.0,0.7,19.6,1013.1,Cloudy
2023-11-11,14.8,,0.0,8.2,1018.7,Sunny
2024-06-15,26.6,63.0,0.5,13.2,1013.5,Cloudy
2024-05-29,27.6,59.0,0.0,7.4,1011.9,Cloudy
2023-03-04,11.5,60.0,0.0,5.0,1010.5,Cloudy
2023-10-09,15.4,95.0,8.1,25.1,1000.0,Rainy
2024-09-22,17.2,90.0,62.1,45.4,989.5,Stormy
2023-09-24,18.9,88.0,36.1,,1003.0,Rainy
2025-09-07,29.8,45.0,0.0,11.1,1018.8,Sunny
2023-08-27,22.9,79.0,12.7,17.2,1008.5,Rainy
2024-03-11,14.8,55.0,0.0,13.8,1023.3,Sunny
2023-05-26,23.5,55.0,0.0,16.5,1014.2,Cloudy
2025-11-03,11.1,93.0,11.2,15.7,1003.1,Rainy
2024-03-27,14.4,61.0,0.0,11.4,1012.8,Cloudy
2025-03-27,10.5,89.0,4.3,16.1,1002.8,Rainy
2023-04-29,24.9,55.0,0.0,6.9,1020.5,Sunny
2024-11-20,12.2,70.0,0.0,7.2,1015.4,Cloudy
2024-06-03,19.9,97.0,57.1,61.1,998.9,Stormy
2023-09-08,25.3,58.0,1.0,8.5,1013.3,Cloudy
2024-05-08,24.6,41.0,0.0,,1021.7,Sunny
2023-10-13,14.9,79.0,26.5,26.9,1000.7,Rainy
2025-04-22,21.6,48.0,0.0,9.8,1021.5,Sunny
2023-01-10,4.9,82.0,5.4,15.0,1008.5,Rainy
2025-05-14,27.0,49.0,0.0,11.4,1020.8,Sunny
2023-07-16,34.6,49.0,0.0,13.8,1014.8,Sunny
2025-01-07,5.2,68.0,0.0,,1012.0,Cloudy
2024-01-06,3.3,88.0,35.0,38.7,993.0,Stormy
2023-03-23,11.9,81.0,3.5,24.9,1008.1,Rainy
2024-01-25,4.8,74.0,0.0,14.9,1015.1,Cloudy
2024-06-17,30.8,41.0,0.0,15.1,1020.5,Sunny
2024-08-17,30.0,44.0,0.0,8.9,1021.2,Sunny
2025-01-25,6.9,56.0,0.0,11.3,1013.3,Cloudy
2024-07-21,30.6,52.0,0.0,13.0,1010.2,Cloudy
2023-08-28,32.1,48.0,0.0,7.8,1021.3,Sunny
2024-08-07,28.0,73.0,0.0,14.0,1012.4,Cloudy
2023-07-31,33.0,44.0,0.0,14.8,1020.8,Sunny
2025-05-18,26.5,49.0,0.0,9.1,1020.2,Sunny
2023-05-25,20.1,89.0,17.9,28.7,1000.7,Rainy
2025-07-23,32.9,45.0,0.0,7.5,1022.9,Sunny
2025-12-15,2.4,88.0,30.8,47.1,990.7,Stormy
2023-08-16,25.6,70.0,0.0,15.5,1014.9,Cloudy
2025-10-24,19.4,66.0,0.0,11.7,1012.5,Cloudy
2025-06-08,29.7,50.0,0.0,11.8,1013.2,Sunny
2024-08-11,32.9,45.0,0.0,6.4,1020.9,Sunny
2025-12-25,5.9,69.0,0.0,8.3,1012.5,Cloudy
2023-06-27,30.9,49.0,0.0,5.3,1023.7,Sunny
2025-12-09,11.2,46.0,0.0,6.5,1019.7,Sunny
2024-06-27,31.4,39.0,0.0,11.5,1021.8,Sunny
2023-05-16,24.7,49.0,0.0,3.6,1020.7,Sunny
2024-08-16,24.3,85.0,4.1,25.1,1007.8,Rainy
2025-04-12,9.2,93.0,31.0,41.4,984.8,Stormy
2024-04-24,11.3,85.0,11.5,27.2,1007.5,Rainy
2025-05-30,27.7,43.0,0.0,15.2,1018.2,Sunny
2023-01-08,3.6,96.0,8.4,13.9,1007.4,Rainy
2024-03-18,10.0,84.0,8.3,16.1,1006.1,Rainy
2023-06-05,21.2,,3.6,15.9,1003.8,Rainy
2024-12-15,7.2,69.0,0.0,13.6,1014.6,Cloudy
2023-12-24,3.9,80.0,16.0,13.8,1001.0,Rainy
2024-10-11,14.8,91.0,3.3,27.4,999.8,Rainy
2023-08-12,33.5,50.0,0.0,10.0,1019.8,Sunny
2023-11-26,12.7,49.0,0.0,10.5,1022.9,Sunny
2024-08-21,28.6,36.0,0.0,13.3,1020.2,Sunny
2024-08-01,30.6,41.0,0.0,10.6,1023.8,Sunny
2025-07-27,32.8,39.0,0.0,7.9,1021.5,Sunny
2025-09-30,16.9,94.0,44.2,53.4,989.0,Stormy
2024-11-19,11.3,83.0,10.7,23.6,1007.0,Rainy
2025-01-24,6.6,68.0,0.0,16.9,1009.2,Cloudy
2024-04-27,24.3,49.0,0.0,9.9,1022.0,Sunny
2025-12-01,10.6,72.0,0.1,6.9,1012.2,Cloudy
2024-12-04,13.8,37.0,0.0,11.9,1016.8,Sunny
2025-12-08,9.0,55.0,0.0,10.0,1009.7,Cloudy
2025-09-15,23.9,67.0,0.2,11.5,1015.2,Cloudy
2025-02-16,3.8,88.0,13.2,16.4,998.9,Rainy
2025-07-20,32.7,50.0,0.0,9.3,1016.7,Sunny
2025-11-23,7.0,80.0,6.1,19.0,1007.4,Rainy
2024-03-16,17.0,41.0,0.0,10.1,1020.6,Sunny
2025-06-06,20.6,85.0,14.4,14.0,1005.1,Rainy
2025-12-27,6.5,62.0,0.0,8.3,1014.6,Cloudy
2025-03-20,15.5,46.0,0.0,6.5,1021.8,Sunny
2023-06-13,32.1,51.0,0.0,15.1,1024.0,Sunny
2023-08-17,29.1,37.0,0.0,7.8,1015.3,Sunny
2025-03-18,13.7,52.0,0.0,11.7,1008.6,Cloudy
2025-06-01,30.7,46.0,0.0,4.5,1018.3,Sunny
2023-08-01,32.0,51.0,0.0,8.7,1023.8,Sunny
2025-07-13,32.2,44.0,0.0,7.5,1017.5,Sunny
2023-03-21,9.8,93.0,8.7,26.8,1005.1,Rainy
2023-05-29,23.4,71.0,0.6,17.1,1015.3,Cloudy
2023-10-30,15.9,67.0,0.0,7.8,1012.3,Cloudy
2024-05-01,,57.0,0.9,10.8,1013.1,Cloudy
2024-04-12,22.0,50.0,0.0,13.0,1020.5,Sunny
2024-09-20,26.4,42.0,0.0,17.0,1022.3,Sunny
2025-11-02,21.8,35.0,0.0,7.0,1023.8,Sunny
2023-02-13,11.4,55.0,0.0,16.2,1021.8,Sunny
2024-05-05,21.6,56.0,0.0,12.1,1014.0,Cloudy
2023-05-14,18.4,88.0,20.4,49.6,997.3,Stormy
2025-07-15,34.6,42.0,0.0,8.1,1025.9,Sunny
2024-06-06,30.8,42.0,0.0,11.8,1014.8,Sunny
2024-08-27,27.7,66.0,0.0,11.1,1016.1,Cloudy
2023-11-08,13.3,73.0,0.0,11.3,1008.6,Cloudy
2024-02-13,5.2,90.0,68.7,43.2,993.9,Stormy
2025-06-23,25.5,76.0,1.3,13.9,1011.6,Cloudy
2025-01-10,5.9,58.0,0.0,17.8,1011.2,Cloudy
2024-08-28,28.8,42.0,0.0,4.3,1020.2,Sunny
2025-08-07,31.7,39.0,0.0,11.3,1022.3,Sunny
2025-09-16,24.7,61.0,0.0,,1016.1,Cloudy
2025-06-28,31.3,48.0,0.0,8.0,1021.5,Sunny
2023-01-01,9.1,72.0,0.0,7.3,1008.9,Cloudy
2024-02-27,11.0,57.0,0.0,8.8,1012.4,Cloudy
2023-12-27,12.0,41.0,0.0,9.7,1022.9,Sunny
2024-01-18,3.9,86.0,12.8,22.7,1004.6,Rainy
2023-11-13,14.6,52.0,0.0,7.7,1016.1,Sunny
2025-07-24,32.4,45.0,0.0,11.2,1025.0,Sunny
2024-04-20,19.2,37.0,0.0,6.6,1021.8,Sunny
2025-05-05,24.4,34.0,0.0,9.5,1017.9,Sunny
2025-05-11,19.5,54.0,0.0,9.0,1014.2,Cloudy
2024-05-12,20.0,56.0,0.0,10.0,1008.6,Cloudy
2025-02-28,3.1,89.0,38.0,37.4,991.4,Stormy
2025-12-07,3.9,93.0,54.3,57.9,998.5,Stormy
2023-05-21,25.6,61.0,0.0,11.4,1013.8,Cloudy
2023-06-22,31.2,38.0,0.0,9.2,1019.9,Sunny
2024-03-26,17.9,34.0,0.0,13.3,1022.6,Sunny
2023-05-06,21.6,56.0,0.0,17.5,1010.2,Cloudy
2025-02-03,12.4,49.0,0.0,6.3,1022.3,Sunny
2024-07-20,30.1,74.0,1.4,5.6,1013.2,Cloudy
2024-10-27,19.8,41.0,0.0,10.6,1019.6,Sunny
2025-11-20,8.4,87.0,19.9,23.4,998.0,Rainy
2023-04-01,18.4,53.0,0.0,7.6,1022.3,Sunny
2025-12-12,10.9,42.0,0.0,4.7,1022.9,Sunny
2023-07-01,28.7,58.0,0.0,4.8,1014.6,Cloudy
2023-12-30,11.1,34.0,0.0,12.6,1025.7,Sunny
2025-07-03,31.9,46.0,0.0,14.3,1020.5,Sunny
2023-10-02,20.9,61.0,0.9,19.8,1008.4,Cloudy
2025-04-24,21.8,41.0,0.0,10.0,1019.2,Sunny
2023-09-09,22.3,92.0,13.0,15.5,1004.0,Rainy
2023-03-11,13.7,47.0,0.0,8.7,1023.5,Sunny
2023-10-19,22.0,37.0,0.0,11.7,1015.6,Sunny
2023-05-12,22.0,,0.0,11.4,1022.3,Sunny
2023-10-28,10.9,90.0,24.2,51.3,991.2,Stormy
2025-06-09,30.4,45.0,0.0,1.8,1017.1,Sunny
2023-11-23,9.9,77.0,0.0,6.3,1009.5,Cloudy
2025-09-19,23.4,62.0,0.0,7.1,1013.8,Cloudy
2024-05-14,22.8,67.0,0.0,10.8,1008.7,Cloudy
2024-07-22,26.3,83.0,21.1,16.0,1007.3,Rainy
2025-04-27,18.8,92.0,2.7,21.7,1001.7,Rainy
2024-05-10,19.7,83.0,15.0,24.2,1009.1,Rainy
2023-12-05,5.7,90.0,52.7,51.0,986.0,Stormy
2025-03-23,9.1,89.0,3.1,25.1,1004.4,Rainy
2023-06-14,28.0,67.0,0.0,19.0,1016.1,Cloudy
2023-01-29,10.7,52.0,0.0,2.8,1016.1,Sunny
2024-05-31,29.3,43.0,0.0,13.5,1021.5,Sunny
2023-07-13,29.9,66.0,0.0,7.0,1011.6,Cloudy
2024-10-23,18.7,67.0,0.0,20.2,1013.1,Cloudy
2023-06-19,27.0,69.0,0.0,14.9,1011.6,Cloudy
2024-10-29,16.4,54.0,0.0,17.7,1013.2,Cloudy
2023-06-23,25.7,61.0,0.0,14.2,1011.3,Cloudy
2024-06-02,26.4,68.0,0.0,11.6,1009.5,Cloudy
2025-10-21,14.3,96.0,31.2,16.3,1000.4,Rainy
2024-08-19,31.5,46.0,0.0,8.6,1018.8,Sunny
2024-05-06,26.8,41.0,0.0,5.6,1017.8,Sunny
2023-03-15,18.4,37.0,0.0,16.0,1014.4,Sunny
2025-04-08,16.2,74.0,0.0,15.1,1014.5,Cloudy
2023-08-23,30.5,41.0,0.0,6.7,1024.4,Sunny
2023-08-03,34.7,45.0,0.0,4.9,1015.0,Sunny
2025-03-12,7.2,88.0,11.9,23.5,1005.6,Rainy
2023-05-13,21.7,63.0,0.0,15.0,1013.6,Cloudy
2024-09-12,24.9,72.0,0.0,18.4,1010.2,Cloudy
2025-03-07,11.9,57.0,0.9,8.5,1015.1,Cloudy
2023-07-05,29.1,66.0,0.0,17.8,1013.8,Cloudy
2023-02-11,2.6,95.0,58.3,47.8,993.0,Stormy
2023-04-19,14.3,77.0,3.3,23.2,1002.1,Rainy
2024-12-19,2.8,86.0,5.0,10.6,1003.2,Rainy
2024-08-24,31.1,50.0,0.0,5.9,1017.8,Sunny
2025-04-25,18.0,68.0,0.0,16.9,1009.9,Cloudy
2024-04-28,12.4,96.0,53.2,39.2,992.0,Stormy
2024-04-13,16.0,72.0,0.0,18.4,1010.3,Cloudy
2023-01-25,6.1,60.0,0.0,8.9,1014.9,Cloudy
2025-12-05,7.3,83.0,2.1,22.1,1009.3,Rainy
2025-08-11,32.3,52.0,0.0,7.4,1018.5,Sunny
2024-12-27,5.5,92.0,18.2,18.8,999.0,Rainy
2025-04-19,17.5,75.0,0.0,13.3,1014.2,Cloudy
2024-01-02,9.0,50.0,0.0,14.5,1015.4,Sunny
2024-12-13,10.9,37.0,0.0,8.0,1018.8,Sunny
2024-01-19,8.6,64.0,0.0,8.6,1015.2,Cloudy
2024-03-30,15.0,66.0,0.0,13.6,1011.9,Cloudy
2023-09-22,24.0,74.0,0.0,9.4,1013.1,Cloudy
2024-10-06,20.3,69.0,0.0,14.2,1010.3,Cloudy
2025-04-07,16.8,59.0,0.0,18.5,1009.8,Cloudy
2024-03-20,,88.0,15.5,27.4,1006.4,Rainy
2024-01-31,5.2,55.0,0.0,10.2,1011.9,Cloudy
2023-06-26,25.6,68.0,1.0,7.5,1009.2,Cloudy
2023-01-19,6.2,71.0,0.0,15.1,1013.7,Cloudy
2024-08-22,31.9,42.0,0.0,15.9,1020.3,Sunny
2025-07-08,,41.0,0.0,14.4,1020.6,Sunny
2023-03-03,10.9,66.0,0.0,11.0,1015.4,Cloudy
2023-09-30,21.2,60.0,0.0,8.7,1011.2,Cloudy
2025-11-09,14.6,76.0,0.9,10.4,1016.1,Cloudy
2023-10-06,24.5,48.0,0.0,6.7,1017.2,Sunny
2024-12-14,7.8,69.0,0.0,10.0,1011.9,Cloudy
2024-01-04,7.1,58.0,0.0,13.6,1013.3,Cloudy
2025-01-20,7.8,67.0,0.0,7.7,1015.0,Cloudy
2024-11-27,11.8,68.0,0.0,12.7,1015.4,Cloudy
2025-06-07,25.6,57.0,0.9,13.0,1009.4,Cloudy
2024-07-01,33.6,45.0,0.0,4.8,1019.5,Sunny
2025-01-13,6.7,65.0,0.0,5.8,1013.2,Cloudy
2025-12-13,10.6,50.0,0.0,16.8,1023.6,Sunny
2024-04-01,18.5,35.0,0.0,10.1,1022.9,Sunny
2024-01-29,2.6,87.0,22.4,35.2,992.4,Stormy
2025-02-10,8.5,58.0,0.0,17.5,1011.2,Cloudy
2025-03-24,16.5,49.0,0.0,14.4,1020.0,Sunny
2024-01-11,8.6,63.0,0.0,8.6,1013.4,Cloudy
2024-02-17,8.7,61.0,0.0,9.4,1014.8,Cloudy
2023-03-16,9.8,65.0,0.0,16.4,1017.4,Cloudy
2025-11-05,20.5,37.0,0.0,13.0,1020.8,Sunny
2024-05-15,21.3,71.0,0.0,6.0,1009.9,Cloudy
2024-11-10,14.8,70.0,0.0,17.3,1006.7,Cloudy
2023-04-25,18.5,70.0,0.0,10.2,1009.5,Cloudy
2024-02-22,9.9,49.0,0.0,9.5,1024.7,Sunny
2023-03-31,17.7,38.0,0.0,10.2,1017.4,Sunny
2025-11-29,13.5,46.0,0.0,7.0,1014.5,Sunny
2024-05-13,27.8,54.0,0.0,11.2,1016.3,Sunny
2025-01-09,0.6,,68.0,44.4,988.5,Stormy
2025-01-16,6.5,47.0,0.0,9.2,1022.3,Sunny
2023-01-12,2.1,77.0,9.1,18.4,1000.8,Rainy
2024-02-01,10.8,46.0,0.0,12.9,1019.2,Sunny
2024-10-22,21.1,41.0,0.0,3.5,1016.7,Sunny
2025-12-02,8.7,61.0,0.6,20.1,1008.2,Cloudy
2023-02-12,4.7,65.0,0.0,7.9,1016.8,Cloudy
2023-06-17,32.1,48.0,0.0,10.6,1016.9,Sunny
2024-02-21,4.8,86.0,21.6,14.9,1005.4,Rainy
2024-07-30,29.1,63.0,0.0,20.9,1013.3,Cloudy
2025-07-02,24.1,89.0,52.4,17.0,1006.8,Rainy
2024-03-02,10.6,65.0,1.3,6.6,1014.4,Cloudy
2024-06-28,,92.0,9.0,18.0,1006.4,Rainy
2025-11-06,11.9,66.0,0.0,17.5,1013.8,Cloudy
2025-12-26,7.4,60.0,0.0,18.4,1013.9,Cloudy
2025-07-06,33.0,43.0,0.0,8.0,1018.0,Sunny
2025-12-28,11.9,39.0,0.0,13.9,1025.6,Sunny
2023-09-15,22.9,68.0,0.0,19.9,1010.1,Cloudy
2023-12-02,15.5,42.0,0.0,5.4,1019.7,Sunny
2023-01-16,10.2,38.0,0.0,12.8,1017.6,Sunny
2025-02-04,10.9,37.0,0.0,4.1,1023.3,Sunny
2023-11-21,11.9,57.0,0.0,7.8,1012.2,Cloudy
2025-07-11,28.8,,0.0,13.8,1012.2,Cloudy
2025-07-04,25.0,96.0,4.7,15.4,997.8,Rainy
2023-08-11,28.3,72.0,0.0,9.8,1017.1,Cloudy
2023-06-29,32.8,52.0,0.0,7.5,1021.5,Sunny
2023-04-10,16.1,70.0,0.3,20.0,1008.4,Cloudy
2024-06-05,32.1,45.0,0.0,12.3,1017.3,Sunny
2023-01-23,3.3,91.0,14.1,18.5,1005.1,Rainy
2023-12-23,8.7,55.0,0.0,14.3,1010.0,Cloudy
2025-03-21,11.1,61.0,0.0,12.2,1011.9,Cloudy
2025-10-28,10.9,98.0,49.2,51.9,989.7,Stormy
2024-09-03,22.2,84.0,2.9,21.9,999.1,Rainy
2025-04-30,12.7,89.0,37.5,43.7,994.4,Stormy
2023-12-07,8.5,70.0,0.0,9.1,1013.4,Cloudy
2024-03-07,7.2,98.0,29.3,56.4,984.3,Stormy
2025-09-12,21.0,77.0,3.1,17.4,1005.6,Rainy
2025-09-28,16.8,93.0,47.4,15.6,1007.9,Rainy
2023-07-23,32.3,36.0,0.0,6.2,1017.9,Sunny
2025-02-06,4.7,83.0,4.9,24.0,1006.8,Rainy
2023-04-04,10.2,85.0,43.0,59.9,999.8,Stormy
2024-11-08,8.9,81.0,12.5,15.3,1004.2,Rainy
2023-03-10,16.4,46.0,0.0,11.1,1015.6,Sunny
2025-01-28,10.1,63.0,0.0,7.0,1013.3,Cloudy
2023-10-12,18.3,82.0,5.4,14.9,999.4,Rainy
2025-08-24,30.2,36.0,0.0,8.5,1018.6,Sunny
2024-03-10,15.5,53.0,0.0,7.3,1021.2,Sunny
2023-06-03,20.8,92.0,2.1,16.4,1003.5,Rainy
2023-03-17,13.7,48.0,0.0,11.4,1015.1,Sunny
2025-06-04,28.7,45.0,0.0,12.1,1023.2,Sunny
2024-08-03,32.3,33.0,0.0,7.6,1020.6,Sunny
2024-03-22,18.8,49.0,0.0,17.3,1019.5,Sunny
2023-07-08,34.6,49.0,0.0,6.7,1015.5,Sunny
2023-09-29,24.7,55.0,0.0,18.6,1011.5,Cloudy
2023-08-25,29.0,73.0,0.0,10.0,1009.3,Cloudy
2024-05-02,15.8,93.0,33.7,18.9,1002.1,Rainy
2025-12-10,5.4,93.0,8.5,19.8,997.6,Rainy
2024-07-13,31.9,42.0,0.0,7.0,1019.4,Sunny
2023-04-28,16.4,98.0,51.8,43.8,996.0,Stormy
2025-06-12,32.1,42.0,0.0,13.6,1014.2,Sunny
2025-09-09,19.2,86.0,41.3,50.5,991.6,Stormy
2024-05-27,26.3,66.0,0.0,16.8,1014.9,Cloudy
2024-09-25,23.6,58.0,0.0,12.6,1013.4,Cloudy
2024-10-28,19.3,49.0,0.0,6.1,1021.4,Sunny
2025-04-28,19.3,75.0,0.0,18.7,1011.1,Cloudy
2024-12-22,5.2,61.0,0.0,18.6,1016.8,Cloudy
2023-05-07,27.7,52.0,0.0,14.7,1022.9,Sunny
2023-04-27,21.6,47.0,0.0,11.7,1020.8,Sunny
2024-04-18,16.7,63.0,0.0,3.9,1016.4,Cloudy
2025-08-27,25.2,65.0,0.0,21.1,1013.7,Cloudy
2023-02-27,12.2,37.0,0.0,6.5,1017.8,Sunny
2024-08-26,30.9,47.0,0.0,10.9,1017.5,Sunny
2025-10-20,20.0,38.0,0.0,5.4,1022.5,Sunny
2024-10-18,21.9,38.0,0.0,9.9,1020.3,Sunny
2025-11-11,16.5,37.0,0.0,13.7,1017.0,Sunny
2025-02-20,9.9,51.0,0.0,14.2,1015.9,Sunny
2023-04-16,23.9,36.0,0.0,6.5,1023.7,Sunny
2024-09-27,25.9,56.0,0.0,6.3,1018.1,Sunny
2024-01-05,11.6,41.0,0.0,11.6,1023.1,Sunny
2023-09-26,20.6,72.0,0.0,13.9,1008.0,Cloudy
2024-10-17,,38.0,0.0,4.9,1018.9,Sunny
2023-02-16,11.6,50.0,0.0,7.0,1021.0,Sunny
2023-12-16,8.5,62.0,0.0,5.3,1012.2,Cloudy
2023-07-15,34.2,38.0,0.0,9.7,1015.0,Sunny
2023-04-13,17.6,57.0,0.0,4.2,1012.1,Cloudy
2025-09-29,18.1,82.0,12.7,23.8,1000.5,Rainy
2025-08-14,29.3,65.0,0.0,17.3,1014.7,Cloudy
2025-05-25,28.2,43.0,0.0,6.0,1019.3,Sunny
2025-09-17,26.7,57.0,0.0,6.8,1021.8,Sunny
2023-09-21,20.0,82.0,9.2,21.4,1002.0,Rainy
2025-06-26,31.5,48.0,0.0,9.4,1023.5,Sunny
2024-03-19,11.3,58.0,0.0,16.1,1015.7,Cloudy
2025-05-03,21.3,68.0,0.0,8.4,1009.3,Cloudy
2024-12-17,8.3,54.0,0.0,17.5,1010.8,Cloudy
2023-11-01,12.9,56.0,0.0,16.4,1014.5,Cloudy
2023-12-08,6.3,83.0,2.9,21.3,1002.8,Rainy
2025-01-02,7.4,58.0,0.0,16.7,1014.7,Cloudy
2023-11-10,9.4,98.0,54.2,60.8,990.8,Stormy
2023-05-30,29.0,43.0,0.0,2.9,1018.0,Sunny
2023-05-05,19.9,59.0,1.5,7.6,1012.8,Cloudy
2025-08-04,28.3,64.0,0.0,4.2,1007.1,Cloudy
2025-09-14,28.7,43.0,0.0,4.2,1025.1,Sunny
2024-11-28,14.9,51.0,0.0,8.4,1018.2,Sunny
2024-10-26,15.6,74.0,0.2,16.2,1009.7,Cloudy
2023-02-20,1.6,91.0,54.8,38.8,985.8,Stormy
2023-12-20,11.0,51.0,0.0,14.5,1017.1,Sunny
2025-12-03,9.7,71.0,0.5,13.7,1010.8,Cloudy
2023-05-23,20.0,85.0,23.2,23.5,1005.8,Rainy
2024-04-15,16.7,56.0,0.0,12.8,1009.5,Cloudy
2024-10-15,21.9,71.0,0.4,13.3,1014.5,Cloudy
2024-02-04,12.0,33.0,0.0,7.1,1022.1,Sunny
2025-01-31,12.3,44.0,0.0,6.4,1021.5,Sunny
2023-11-17,14.1,61.0,0.0,16.1,1012.6,Cloudy
2023-01-20,5.9,63.0,0.0,18.1,1016.1,Cloudy
2024-11-15,13.2,62.0,0.0,13.2,1013.1,Cloudy
2025-08-30,31.3,45.0,0.0,7.5,1017.1,Sunny
2025-08-08,32.2,37.0,0.0,11.6,1022.3,Sunny
2025-08-29,28.9,42.0,0.0,16.5,1020.9,Sunny
2024-02-12,11.7,45.0,0.0,,1018.4,Sunny
2024-06-21,21.5,93.0,57.7,34.9,987.1,Stormy
2025-08-21,28.7,36.0,0.0,12.2,1021.9,Sunny
2025-01-26,9.2,64.0,0.0,12.6,1011.8,Cloudy
2023-02-08,3.1,98.0,16.0,19.3,998.8,Rainy
2023-06-25,32.0,36.0,0.0,11.1,1020.4,Sunny
2023-09-03,22.9,92.0,32.4,34.6,987.2,Stormy
2025-11-19,9.3,57.0,0.0,21.1,1016.5,Cloudy
2025-03-22,7.4,81.0,9.3,16.8,1005.6,Rainy
2025-06-29,24.0,85.0,10.9,25.4,999.6,Rainy
2024-05-04,24.0,55.0,0.0,9.7,1018.3,Sunny
2023-06-04,27.4,54.0,0.0,9.9,1026.7,Sunny
2024-09-30,16.5,92.0,11.3,20.6,997.5,Rainy
2024-10-24,17.6,48.0,0.0,5.7,1020.2,Sunny
2023-10-15,18.5,71.0,0.0,6.4,1009.1,Cloudy
2024-09-17,26.1,42.0,0.0,14.4,1023.1,Sunny
2024-11-16,13.9,69.0,0.0,10.6,1012.6,Cloudy
2025-01-06,6.8,71.0,0.0,19.8,1010.4,Cloudy
2024-07-23,32.5,38.0,0.0,11.6,1020.5,Sunny
2025-09-08,28.6,,0.0,5.7,1024.2,Sunny
2023-01-18,2.6,92.0,17.1,25.1,999.4,Rainy
2023-05-08,25.1,52.0,0.0,10.3,1017.5,Sunny
2023-11-19,10.8,93.0,37.0,20.1,999.3,Rainy
2023-09-13,20.3,92.0,32.1,28.9,987.5,Stormy
2025-03-09,5.6,81.0,13.9,18.3,1003.5,Rainy
2025-12-29,4.5,86.0,11.0,31.0,1000.9,Rainy
2023-07-10,26.0,82.0,8.8,24.4,1001.3,Rainy
2023-04-26,17.7,67.0,0.0,19.2,1016.0,Cloudy
2025-12-23,6.5,94.0,7.7,13.8,1004.9,Rainy
2025-01-22,5.5,80.0,8.3,,1007.4,Rainy
2024-08-29,30.0,54.0,0.0,11.8,1017.5,Sunny
2023-06-30,28.6,63.0,0.0,9.1,1015.1,Cloudy
2023-10-29,14.1,75.0,0.0,7.5,1011.0,Cloudy
2025-07-05,22.3,86.0,11.6,14.9,1002.2,Rainy
2025-10-08,14.4,93.0,17.0,17.1,999.5,Rainy
2025-05-26,24.8,61.0,0.0,9.9,1011.1,Cloudy
2025-04-10,10.3,85.0,24.1,18.0,1006.9,Rainy
2025-07-28,31.6,52.0,0.0,11.1,1022.2,Sunny
2025-05-19,27.9,47.0,0.0,12.0,1017.4,Sunny
2024-06-01,28.1,42.0,0.0,12.0,1017.5,Sunny
2024-01-08,9.2,49.0,0.0,8.8,1020.3,Sunny
2023-02-15,14.3,52.0,0.0,14.5,1023.4,Sunny
2024-04-21,14.8,99.0,46.7,36.2,997.0,Stormy
2023-06-07,27.3,71.0,0.0,12.9,1010.1,Cloudy
2025-06-19,24.6,72.0,0.0,12.5,1010.9,Cloudy
2023-06-21,29.9,45.0,0.0,10.9,1021.9,Sunny
2023-01-17,3.6,89.0,4.8,11.6,1006.5,Rainy
2024-05-26,23.4,63.0,0.0,16.0,1016.3,Cloudy
2023-02-18,9.7,31.0,0.0,7.5,1021.6,Sunny
2023-07-11,33.2,49.0,0.0,11.8,1021.2,Sunny
2025-10-07,24.1,33.0,0.0,9.2,1021.8,Sunny
2024-05-30,26.4,62.0,0.0,14.9,1011.0,Cloudy
2025-04-05,8.6,97.0,29.5,37.4,988.4,Stormy
2025-12-16,8.3,57.0,0.0,18.9,1012.1,Cloudy
2024-04-25,21.2,43.0,0.0,14.7,1014.4,Sunny
2023-10-11,14.9,96.0,42.5,52.2,989.0,Stormy
2025-05-19,27.9,47.0,0.0,12.0,1017.4,Sunny
2025-08-16,31.7,77.0,0.0,12.1,1011.2,Cloudy
2023-08-14,31.0,47.0,0.0,13.7,1021.4,Sunny
2023-01-27,4.8,87.0,2.8,10.6,1008.3,Rainy
2025-10-03,19.4,88.0,6.6,19.4,1006.1,Rainy
2025-11-30,7.6,84.0,10.2,23.8,1007.0,Rainy
2024-03-13,15.4,47.0,0.0,10.4,1020.5,Sunny
2025-12-17,11.5,48.0,0.0,6.8,1017.2,Sunny
2023-12-31,6.4,78.0,40.7,25.3,1008.8,Rainy
2023-08-18,29.0,55.0,0.0,9.9,1011.3,Cloudy
2023-02-07,9.4,49.0,0.0,2.6,1021.8,Sunny
2024-10-31,20.3,56.0,0.0,17.3,1014.8,Sunny
2025-01-19,6.3,41.0,0.0,5.4,1020.8,Sunny
2025-12-30,7.1,57.0,0.0,15.2,1013.8,Cloudy
2024-01-10,11.5,46.0,0.0,8.6,1022.1,Sunny
2024-04-14,12.7,95.0,43.9,60.2,986.0,Stormy
2024-08-12,30.0,48.0,0.0,10.3,1017.9,Sunny
2024-11-18,13.2,69.0,0.0,14.3,1012.6,Cloudy
2025-10-19,22.7,42.0,0.0,9.4,1016.7,Sunny
2025-05-01,26.0,48.0,0.0,7.8,1022.7,Sunny
2025-05-29,30.4,36.0,0.0,11.2,1023.6,Sunny
2023-07-14,27.6,56.0,0.0,14.1,1010.9,Cloudy
2025-10-23,22.3,42.0,0.0,16.0,1018.4,Sunny
2025-10-30,15.5,71.0,0.0,12.1,1012.8,Cloudy
2024-05-18,,98.0,59.9,55.4,999.0,Stormy
2023-08-25,29.0,73.0,0.0,10.0,1009.3,Cloudy
2025-09-25,18.0,92.0,61.5,30.3,997.3,Stormy
2024-08-02,23.3,93.0,49.2,33.3,988.8,Stormy
2023-06-10,29.7,52.0,0.0,11.2,1020.6,Sunny
2024-11-11,9.2,72.0,0.0,6.8,1013.8,Cloudy
2025-11-13,13.5,65.0,0.0,16.6,1011.9,Cloudy
2023-06-12,29.8,47.0,0.0,14.8,1018.2,Sunny
2024-12-06,8.5,55.0,0.0,18.5,1013.3,Cloudy
2025-04-29,22.0,38.0,0.0,11.1,1017.3,Sunny
2023-06-02,20.2,83.0,11.8,18.7,1000.9,Rainy
2025-07-14,34.0,37.0,0.0,7.9,1021.1,Sunny
2025-04-26,21.7,40.0,0.0,7.2,1019.4,Sunny
2025-07-01,32.3,36.0,0.0,6.7,1025.2,Sunny
2023-04-22,18.6,66.0,0.0,13.0,1008.9,Cloudy
2023-08-15,31.5,55.0,0.0,5.2,1025.5,Sunny
2025-04-13,19.9,32.0,0.0,14.1,1017.7,Sunny
2023-04-14,16.6,72.0,1.5,15.7,1011.8,Cloudy
2024-02-26,9.3,63.0,0.0,10.8,1011.7,Cloudy
2024-02-24,4.8,88.0,6.5,26.2,1006.2,Rainy
2025-06-25,30.3,42.0,0.0,12.7,1019.8,Sunny
2024-08-09,32.2,39.0,0.0,11.6,1023.8,Sunny
2025-07-29,33.6,41.0,0.0,11.9,1025.6,Sunny
2024-11-03,12.5,57.0,0.0,12.4,1014.2,Cloudy
2023-04-30,13.5,88.0,73.4,35.6,998.0,Stormy
2023-02-23,13.7,44.0,0.0,11.7,1019.0,Sunny
2023-06-01,19.9,87.0,26.7,39.9,986.4,Stormy
2024-02-08,8.1,65.0,0.0,6.2,1012.1,Cloudy
2024-03-09,5.4,85.0,3.7,20.2,998.8,Rainy
2023-07-27,33.2,50.0,0.0,13.1,1019.0,Sunny
2025-11-17,5.6,100.0,37.6,42.5,993.6,Stormy
2024-10-20,15.6,68.0,0.0,,1014.4,Cloudy
2025-10-12,15.6,82.0,4.1,24.6,1004.4,Rainy
2025-07-09,31.2,42.0,0.0,5.9,1016.8,Sunny
2023-01-09,7.6,56.0,0.0,14.1,1009.7,Cloudy
2025-08-28,29.8,41.0,0.0,11.0,1016.9,Sunny
2023-02-06,5.0,88.0,2.6,21.7,1004.2,Rainy
2024-03-28,15.5,62.0,0.0,19.2,1011.1,Cloudy
2024-10-13,17.4,69.0,0.0,15.6,1012.4,Cloudy
2023-09-11,23.7,54.0,0.0,19.2,1016.1,Cloudy
2023-10-31,20.5,41.0,0.0,13.2,1024.5,Sunny
2025-06-21,27.6,73.0,0.0,16.4,1014.9,Cloudy
2024-07-25,22.5,87.0,41.4,59.0,990.6,Stormy
2024-09-15,21.1,72.0,0.0,14.3,1011.2,Cloudy
2025-05-08,21.1,66.0,0.0,7.5,1011.1,Cloudy
2025-09-24,26.2,41.0,0.0,7.5,1013.5,Sunny
2024-03-05,14.8,52.0,0.0,7.9,1017.1,Sunny
2023-09-20,27.6,49.0,0.0,3.5,1023.6,Sunny
2024-09-02,28.5,64.0,0.0,18.6,1014.5,Cloudy
2023-10-25,14.0,70.0,0.0,18.1,1016.1,Cloudy
2024-02-19,4.4,81.0,21.6,25.9,1006.8,Rainy
2023-05-31,24.5,60.0,0.0,14.9,1013.2,Cloudy
2025-08-06,26.5,67.0,0.0,16.2,1016.6,Cloudy
2025-02-17,6.1,70.0,0.0,8.6,1010.7,Cloudy
2024-10-02,17.8,86.0,3.6,27.0,1003.3,Rainy
2025-11-12,17.3,52.0,0.0,11.9,1023.7,Sunny
2024-07-04,28.2,59.0,0.0,20.0,1009.2,Cloudy
2025-08-09,27.0,82.0,7.7,17.0,1004.4,Rainy
2024-05-03,23.5,34.0,0.0,1.5,1018.8,Sunny
2025-03-30,16.6,53.0,0.0,3.4,1024.3,Sunny
2024-12-11,9.0,75.0,0.0,6.9,1013.5,Cloudy
2023-05-28,22.6,95.0,3.2,24.3,1002.0,Rainy
2023-05-27,19.2,90.0,41.8,44.7,993.4,Stormy
2025-05-22,27.3,,0.0,5.9,1016.7,Sunny
2023-12-12,6.4,61.0,0.0,15.7,1009.2,Cloudy
2025-06-13,29.9,36.0,0.0,6.8,1016.3,Sunny
2025-11-08,9.8,86.0,11.0,19.1,1006.1,Rainy
2024-10-21,14.8,,21.2,25.7,1001.0,Rainy
2025-02-09,2.9,84.0,9.2,23.3,1003.9,Rainy
2023-12-15,7.2,92.0,9.8,26.5,1002.3,Rainy
2024-04-08,10.0,89.0,52.0,54.9,991.5,Stormy
2023-11-22,12.8,69.0,0.0,11.1,1012.1,Cloudy
2023-07-06,23.0,84.0,43.1,17.3,999.2,Rainy
2023-05-04,17.9,78.0,5.1,12.6,1004.3,Rainy
2025-11-27,5.6,88.0,14.5,16.8,1000.5,Rainy
2024-08-31,29.3,39.0,0.0,10.5,1015.2,Sunny
2023-05-24,23.9,53.0,0.9,8.3,1012.9,Cloudy
2025-01-21,3.1,93.0,7.7,26.8,1002.9,Rainy
2025-12-24,9.4,73.0,0.0,11.5,1010.3,Cloudy
2023-07-17,33.1,45.0,0.0,6.3,1015.8,Sunny
2024-09-01,22.2,92.0,18.3,20.1,1007.1,Rainy
2025-04-16,14.6,82.0,9.2,20.4,1003.5,Rainy
2023-10-07,20.8,58.0,0.0,18.0,1013.5,Cloudy
2023-10-21,13.5,86.0,6.1,24.5,1004.0,Rainy
2025-09-26,16.2,85.0,36.5,45.4,989.2,Stormy
2024-02-05,11.3,52.0,0.0,9.7,1023.5,Sunny
2023-05-03,22.1,58.0,0.0,16.9,1014.9,Cloudy
2023-07-03,32.5,42.0,0.0,7.6,1023.7,Sunny
2023-07-22,33.0,37.0,0.0,10.4,1020.5,Sunny
2024-03-14,8.7,80.0,23.5,15.4,1006.1,Rainy
2025-04-15,16.3,61.0,0.0,8.2,1013.4,Cloudy
2023-09-04,21.6,86.0,13.2,17.6,1001.7,Rainy
2024-02-20,8.3,69.0,0.0,12.2,1015.4,Cloudy
2025-07-25,29.8,71.0,0.5,19.5,1012.4,Cloudy
2025-07-12,32.8,47.0,0.0,12.0,1021.6,Sunny
2025-11-22,18.0,42.0,0.0,5.5,1020.6,Sunny
2025-07-16,,42.0,0.0,12.7,1023.6,Sunny
2023-02-22,10.1,55.0,0.0,6.0,1015.7,Cloudy
2023-05-10,27.0,51.0,0.0,12.6,1021.9,Sunny
2024-09-29,24.0,44.0,0.0,14.0,1019.0,Sunny
2024-02-07,4.6,85.0,13.9,19.4,1006.7,Rainy
2025-08-02,26.8,65.0,0.0,7.8,1013.3,Cloudy
2025-07-19,32.5,37.0,0.0,7.9,1017.1,Sunny
2025-01-05,0.0,96.0,23.5,43.2,997.8,Stormy
2025-05-04,26.3,45.0,0.0,10.6,1019.4,Sunny
2025-11-25,13.0,63.0,0.0,6.7,1012.7,Cloudy
2023-08-08,31.1,37.0,0.0,9.2,1015.9,Sunny
2024-10-03,15.0,94.0,26.6,57.3,989.1,Stormy
2023-01-02,9.4,46.0,0.0,7.4,1016.5,Sunny
2025-06-27,24.4,92.0,44.3,31.8,1000.9,Stormy
2025-08-26,21.1,88.0,6.5,14.7,1006.1,Rainy
2023-03-22,10.0,59.0,1.3,16.4,1010.9,Cloudy
2024-09-16,22.7,66.0,0.6,13.4,1009.6,Cloudy
2025-10-04,18.9,61.0,0.0,11.3,1013.5,Cloudy
2025-07-07,31.7,42.0,0.0,8.9,1020.9,Sunny
2024-01-22,8.2,57.0,1.3,12.4,1014.6,Cloudy
2023-10-14,18.4,62.0,0.0,16.1,1015.4,Cloudy
2025-03-17,12.9,67.0,0.0,14.7,1013.9,Cloudy
2024-05-24,29.7,47.0,0.0,8.0,1017.2,Sunny
2023-09-25,22.3,59.0,0.0,9.4,1011.8,Cloudy
2025-09-10,28.4,38.0,0.0,12.6,1017.8,Sunny
2024-03-17,17.2,41.0,0.0,9.0,1024.1,Sunny
2024-05-11,27.2,43.0,0.0,7.3,1020.7,Sunny
2025-04-09,19.7,52.0,0.0,10.7,1016.5,Sunny
2023-04-23,23.7,51.0,0.0,12.9,1016.4,Sunny
2024-11-22,11.4,68.0,0.0,21.3,1013.2,Cloudy
2023-08-21,21.9,87.0,3.5,24.9,1000.0,Rainy
2024-04-16,15.1,83.0,12.9,18.3,1005.8,Rainy
2024-08-30,23.9,76.0,3.4,28.9,1005.3,Rainy
2024-11-02,12.5,56.0,0.0,14.3,1009.9,Cloudy
2024-01-09,10.5,42.0,0.0,9.7,1018.6,Sunny
2025-04-06,18.8,46.0,0.0,5.8,1020.3,Sunny
2024-10-25,18.0,38.0,0.0,13.4,1016.9,Sunny
2025-10-11,23.4,41.0,0.0,8.2,1019.5,Sunny
2023-08-22,31.2,42.0,0.0,5.2,1019.2,Sunny
2025-03-29,10.4,82.0,29.6,17.0,1004.8,Rainy
2025-08-03,30.0,51.0,0.0,11.7,1017.1,Sunny
2024-11-07,19.4,37.0,0.0,4.5,1019.0,Sunny
2023-11-14,17.0,42.0,0.0,5.5,1020.4,Sunny
2024-10-10,16.9,62.0,0.6,12.5,1012.1,Cloudy
2024-02-15,5.1,86.0,4.4,28.7,1005.8,Rainy
2025-11-16,13.0,37.0,0.0,5.9,1022.5,Sunny
2024-12-10,4.7,92.0,30.8,20.7,1003.2,Rainy
2023-12-25,11.2,50.0,0.0,10.6,1014.8,Sunny
2023-09-16,21.1,92.0,16.7,21.6,998.0,Rainy
2025-01-14,3.4,76.0,7.3,18.9,1005.1,Rainy
2024-09-19,26.4,51.0,0.0,12.5,1019.2,Sunny
2024-09-24,22.3,73.0,0.0,18.7,1014.5,Cloudy
2023-10-10,15.6,94.0,36.1,44.2,984.6,Stormy
2024-01-12,8.7,68.0,0.0,9.5,1011.9,Cloudy
2024-01-20,7.0,65.0,0.0,18.4,1010.6,Cloudy
2023-08-13,28.7,68.0,0.0,18.9,1012.3,Cloudy
2025-12-21,7.9,68.0,0.4,13.6,1011.6,Cloudy
2025-09-04,18.4,89.0,32.6,34.0,990.6,Stormy
2024-04-17,23.2,47.0,0.0,10.1,1024.4,Sunny
2023-12-14,3.3,95.0,54.6,45.3,995.0,Stormy
2024-05-20,24.5,63.0,0.0,9.0,1014.7,Cloudy
2024-10-01,24.7,43.0,0.0,12.0,1023.8,Sunny
2023-12-12,6.4,61.0,0.0,15.7,1009.2,Cloudy
2025-03-08,6.6,88.0,57.9,47.4,986.8,Stormy
2023-12-06,2.3,99.0,34.3,61.2,990.7,Stormy
2024-07-09,30.3,63.0,0.0,6.4,1008.6,Cloudy
2024-09-11,20.2,84.0,5.8,25.0,999.3,Rainy
2023-01-28,10.3,49.0,0.0,9.9,1023.4,Sunny
2025-08-23,21.1,86.0,15.0,20.6,1001.3,Rainy
2024-10-07,21.2,57.0,0.4,5.8,1010.3,Cloudy
2025-08-10,26.2,95.0,3.3,28.5,998.9,Rainy
2025-10-15,21.0,42.0,0.0,9.5,1021.2,Sunny
2024-07-10,32.7,50.0,0.0,11.7,1016.3,Sunny
2024-11-12,8.2,98.0,26.0,,990.2,Stormy
2024-07-31,21.0,91.0,72.0,47.8,984.2,Stormy
2025-03-06,10.1,63.0,0.0,11.8,1013.5,Cloudy
2023-03-27,18.5,44.0,0.0,12.5,1020.3,Sunny
2023-08-31,31.3,52.0,0.0,9.2,1024.2,Sunny
2024-11-29,8.9,71.0,0.0,22.3,1014.6,Cloudy
2025-04-18,16.0,67.0,0.0,11.6,1014.4,Cloudy
2023-06-09,25.6,61.0,0.0,14.8,1010.4,Cloudy
2024-06-08,27.4,41.0,0.0,14.3,1021.1,Sunny
2023-02-05,0.9,91.0,54.8,45.5,989.8,Stormy
2024-06-24,23.8,78.0,29.6,24.5,1007.5,Rainy
2023-06-20,25.1,68.0,0.0,14.4,1015.0,Cloudy
2024-10-16,16.9,72.0,0.0,16.8,1014.4,Cloudy
2025-01-18,10.6,53.0,0.0,9.4,1022.1,Sunny
2025-10-26,20.9,46.0,0.0,7.2,1021.4,Sunny
2025-10-16,14.9,83.0,10.1,24.3,997.6,Rainy
2024-04-29,24.5,42.0,0.0,6.0,1023.7,Sunny
2025-01-03,4.9,81.0,38.4,21.6,1002.0,Rainy
2025-06-18,25.8,54.0,1.5,4.7,1013.4,Cloudy
2023-04-06,12.1,81.0,9.7,21.9,1004.7,Rainy
2024-07-17,26.2,74.0,0.0,9.1,1008.2,Cloudy
2023-08-29,30.4,,0.0,4.9,1019.2,Sunny
2025-01-12,0.4,83.0,3.0,26.7,1000.9,Rainy
2025-05-13,21.4,60.0,0.0,9.9,1011.2,Cloudy
2024-07-28,27.8,61.0,0.0,9.2,1017.4,Cloudy
2024-11-21,12.5,59.0,0.0,12.6,1010.8,Cloudy
2024-04-05,6.8,100.0,53.0,54.9,988.9,Stormy
2025-06-10,29.7,54.0,0.0,3.7,1020.8,Sunny
2024-07-07,32.4,41.0,0.0,13.6,1017.2,Sunny
2025-05-07,24.4,54.0,0.0,4.6,1026.0,Sunny
2025-11-04,17.8,69.0,0.0,11.6,1013.9,Cloudy
2023-07-26,33.2,44.0,0.0,9.7,1023.1,Sunny
2024-01-28,8.2,76.0,0.0,7.1,1010.5,Cloudy
2025-03-05,5.3,91.0,14.4,20.8,1002.6,Rainy
2025-05-20,26.3,39.0,0.0,11.8,1017.0,Sunny
2024-02-02,7.0,74.0,0.0,10.1,1013.1,Cloudy
2025-02-05,6.7,62.0,0.5,8.9,1013.1,Cloudy
2025-10-17,21.4,39.0,0.0,10.1,1015.2,Sunny
2023-08-06,33.5,39.0,0.0,12.2,1016.7,Sunny
2023-01-05,0.1,98.0,69.2,46.9,997.2,Stormy
2025-02-07,11.6,48.0,0.0,5.3,1019.7,Sunny
2024-10-04,24.0,33.0,0.0,12.4,1015.5,Sunny
2024-04-06,18.7,55.0,0.0,2.2,1020.2,Sunny
2025-07-31,31.2,44.0,0.0,14.7,1022.2,Sunny
2024-09-04,27.1,36.0,0.0,14.3,1023.6,Sunny
2025-01-08,4.9,70.0,0.0,9.5,1012.9,Cloudy
2025-08-18,33.0,40.0,0.0,5.3,1024.2,Sunny
2024-06-30,31.0,43.0,0.0,13.7,1017.7,Sunny
2025-09-13,29.7,40.0,0.0,12.7,1020.2,Sunny
2024-12-26,5.8,75.0,0.0,7.9,1015.9,Cloudy
2024-11-21,12.5,59.0,0.0,12.6,1010.8,Cloudy
2024-11-14,7.2,77.0,3.2,21.9,1004.7,Rainy
2023-04-09,21.0,52.0,0.0,12.0,1024.4,Sunny
2025-03-15,9.5,66.0,0.2,12.6,1010.8,Cloudy
2024-12-28,4.4,88.0,4.8,13.1,1007.7,Rainy
2024-07-27,33.5,44.0,0.0,6.7,1024.4,Sunny
2024-02-11,4.9,64.0,0.0,9.2,1013.1,Cloudy
2024-05-17,17.5,95.0,59.1,32.2,994.3,Stormy
2023-02-17,8.0,65.0,0.0,16.1,1016.0,Cloudy
2023-02-02,6.2,92.0,5.3,15.1,1006.3,Rainy
2025-07-18,24.1,95.0,69.9,34.8,1000.3,Stormy
2025-02-18,5.0,77.0,7.3,13.5,1004.6,Rainy
2023-07-20,34.4,54.0,0.0,10.4,1023.1,Sunny
2023-05-15,23.0,62.0,0.0,12.6,1009.6,Cloudy
2023-02-10,7.0,72.0,0.4,6.3,1015.0,Cloudy
2025-10-14,19.1,64.0,1.1,14.0,1010.6,Cloudy
2023-08-19,23.0,89.0,4.6,21.0,1009.1,Rainy
2024-01-14,5.7,87.0,13.7,16.6,1002.7,Rainy
2023-10-16,19.9,38.0,0.0,14.0,1015.9,Sunny
2024-02-23,13.5,46.0,0.0,9.8,1019.9,Sunny
2024-01-27,9.9,38.0,0.0,6.5,1014.5,Sunny
2024-08-15,33.0,38.0,0.0,14.4,1017.5,Sunny
2024-10-09,12.7,84.0,58.1,48.0,998.7,Stormy
2024-06-04,27.4,64.0,0.0,12.0,1011.1,Cloudy
2023-03-06,7.3,88.0,25.7,20.7,998.9,Rainy
2023-01-15,8.9,69.0,0.0,17.7,1010.9,Cloudy
2024-05-07,22.7,40.0,0.0,10.8,1017.9,Sunny
2024-01-15,1.9,91.0,8.3,14.5,1005.6,Rainy
2023-07-07,33.6,51.0,0.0,11.3,1026.1,Sunny
2025-02-02,0.4,97.0,74.8,37.4,989.4,Stormy
2023-08-05,32.0,54.0,0.0,7.8,1017.0,Sunny
2025-03-02,13.9,34.0,0.0,10.6,1020.9,Sunny
2025-05-28,23.3,79.0,29.0,16.4,998.3,Rainy
2023-12-04,11.6,61.0,0.0,16.0,1014.5,Cloudy
2024-12-20,9.3,59.0,0.0,13.8,1014.2,Cloudy
2023-10-23,16.9,61.0,0.0,10.2,1009.9,Cloudy
2025-10-13,15.4,93.0,6.0,25.8,997.3,Rainy
2024-03-31,14.6,64.0,0.6,18.9,1012.0,Cloudy
2025-03-26,12.9,60.0,0.0,20.5,1013.5,Cloudy
2023-09-27,23.1,68.0,0.0,16.3,1010.8,Cloudy
2025-09-22,23.8,59.0,0.0,6.4,1011.5,Cloudy
2023-07-21,34.9,50.0,0.0,16.3,1020.2,Sunny
2023-06-11,31.4,51.0,0.0,10.3,1015.0,Sunny
2024-12-30,4.7,59.0,0.0,18.1,1009.3,Cloudy
2024-02-06,8.3,65.0,0.0,13.7,1012.8,Cloudy
2024-12-03,8.4,83.0,11.1,15.5,1005.3,Rainy
2024-07-19,26.2,75.0,0.0,15.7,1015.0,Cloudy
2025-10-18,19.7,75.0,0.0,10.2,1011.9,Cloudy
2025-10-22,19.5,56.0,0.0,11.3,1022.2,Sunny
2023-07-25,25.5,85.0,5.5,26.4,1001.6,Rainy
2023-02-04,4.9,95.0,9.0,24.8,1000.9,Rainy
2025-02-14,9.3,70.0,0.0,11.4,1014.8,Cloudy
2024-05-23,28.6,54.0,0.0,13.3,1013.5,Sunny
2024-10-08,22.5,54.0,0.0,8.7,1020.8,Sunny
2023-04-02,9.7,99.0,39.3,53.9,992.1,Stormy
2025-06-16,29.8,44.0,0.0,13.3,1018.1,Sunny
2024-07-18,28.9,59.0,0.0,6.9,1014.3,Cloudy
2025-02-15,0.2,84.0,32.8,58.1,999.1,Stormy
2023-08-30,30.2,46.0,0.0,13.6,1015.3,Sunny
2023-01-14,6.4,62.0,0.0,9.2,1011.5,Cloudy
2023-11-12,15.9,38.0,0.0,7.7,1018.0,Sunny
2024-08-23,30.2,37.0,0.0,8.7,1025.2,Sunny
2024-01-23,-0.2,94.0,64.5,60.2,984.2,Stormy
2023-06-16,24.1,89.0,3.7,21.3,997.7,Rainy
2025-04-20,22.6,47.0,0.0,16.5,1018.3,Sunny
2023-01-21,11.1,42.0,0.0,3.6,1022.2,Sunny
2024-10-08,22.5,54.0,0.0,8.7,1020.8,Sunny
2025-04-11,16.7,58.0,0.0,15.6,1013.2,Cloudy
2024-07-16,30.5,68.0,0.0,18.9,1010.3,Cloudy
2025-12-20,2.7,82.0,61.2,49.9,990.5,Stormy
2024-11-17,7.7,98.0,7.3,22.6,1001.7,Rainy
2025-08-15,30.9,45.0,0.0,12.2,1022.8,Sunny
2023-07-09,34.8,39.0,0.0,13.0,1021.2,Sunny
2025-09-02,27.4,70.0,0.0,8.1,1015.5,Cloudy
2024-11-30,11.5,57.0,0.0,12.3,1009.8,Cloudy
2024-05-25,28.2,50.0,0.0,9.4,1015.8,Sunny
2025-12-18,6.7,62.0,0.0,20.1,1011.7,Cloudy
2024-04-19,13.5,92.0,10.2,14.6,1008.6,Rainy
2025-05-06,22.2,56.0,0.0,13.7,1012.2,Cloudy
2025-01-17,8.9,72.0,0.0,17.2,1012.3,Cloudy
2023-09-10,28.3,40.0,0.0,6.9,1023.4,Sunny
2023-01-22,7.1,62.0,0.0,19.2,1012.7,Cloudy
2024-04-04,13.1,62.0,0.0,11.0,1010.9,Cloudy
2023-10-04,24.1,54.0,0.0,5.6,1015.3,Sunny
2025-08-13,27.5,58.0,0.0,12.8,1012.7,Cloudy
2024-01-21,7.6,73.0,0.0,18.3,1010.1,Cloudy
2025-03-16,7.0,82.0,10.6,14.5,1005.9,Rainy
2023-12-10,8.8,57.0,1.0,14.3,1013.1,Cloudy
2025-02-08,12.4,51.0,0.0,12.6,1019.1,Sunny
2023-05-11,23.9,38.0,0.0,7.4,1020.6,Sunny
2025-05-21,20.9,58.0,0.0,18.6,1009.5,Cloudy
2023-03-29,15.2,69.0,0.0,9.9,1011.1,Cloudy
2023-11-27,14.2,50.0,0.0,8.8,1025.0,Sunny
2024-04-11,,56.0,0.0,20.1,1009.2,Cloudy
2023-05-02,15.4,88.0,24.0,33.1,991.8,Stormy
2025-11-10,9.4,82.0,20.9,17.7,1001.6,Rainy
2025-12-31,6.7,55.0,0.0,10.9,1013.7,Cloudy
2025-05-10,23.5,57.0,0.0,13.3,1011.4,Cloudy
